step,loss,acc
0,67.42124938964844,0.1718
1,1.9993418455123901,0.3573
2,1.897841215133667,0.342
3,1.762162685394287,0.3864
4,1.8779587745666504,0.395
5,1.7169150114059448,0.4078
6,1.7601841688156128,0.3937
7,1.638315200805664,0.4247
8,1.787441372871399,0.4148
9,1.7166937589645386,0.4165
10,1.9432746171951294,0.3744
11,1.6229106187820435,0.4431
12,1.708360195159912,0.4326
13,1.787225365638733,0.4129
14,1.6232713460922241,0.4372
