step,loss,acc
0,2.3025016901499753,0.1331
1,1.7593750618661248,0.3684
2,1.6602844550836708,0.4132
3,1.6353343985091866,0.4198
4,1.5892393440125783,0.4382
5,1.6552491131108291,0.4217
6,1.58849928673121,0.435
7,1.7675808160841706,0.3965
8,1.6414322760076772,0.4266
9,1.5110944331656226,0.4602
10,1.5253318656046555,0.465
11,1.506271420809768,0.472
12,1.7071845252723155,0.4239
13,1.541661854914279,0.4618
14,1.529077116191214,0.4645
